{
  "users": [
    {
      "username": "dan",
      "realname": "Daniel Bugl"
    },
    {
      "username": "max",
      "realname": "Max Mustermann"
    }
  ],
  "posts": [
    {
      "id": "13b68488-5e02-46ea-84f3-612970175951",
      "user": "dan",
      "title": "First post",
      "text": "Hello world! This is the first blog post.",
      "category": "welcome",
      "created": 1494494448048,
      "updated": 1494494448048
    },
    {
      "id": "11b9b72f-342a-49ef-ba19-68b55fbe3e2c",
      "user": "max",
      "title": "Another test",
      "text": "This is another test blog post.",
      "category": "test",
      "created": 1494494448048,
      "updated": 1494494448048
    }
  ]
}
